{"cameraMode":{"drawMode":0,"name":"Shaded","section":"Shading Mode"},"sceneLighting":false,"audioPlay":false,"sceneViewState":{"m_AlwaysRefresh":false,"showFog":true,"showSkybox":false,"showFlares":true,"showImageEffects":true,"showParticleSystems":true,"showVisualEffectGraphs":true,"m_FxEnabled":true},"in2DMode":false,"pivot":{"x":-0.027845382690429689,"y":-0.005571156740188599,"z":0.11071059107780457},"rotation":{"x":0.2141750156879425,"y":-0.3888874053955078,"z":0.09215717017650604,"w":0.891771137714386},"size":0.3892684578895569,"orthographic":false}