{"cameraMode":{"drawMode":0,"name":"Shaded","section":"Shading Mode"},"sceneLighting":false,"audioPlay":false,"sceneViewState":{"m_AlwaysRefresh":false,"showFog":true,"showSkybox":false,"showFlares":true,"showImageEffects":true,"showParticleSystems":true,"showVisualEffectGraphs":true,"m_FxEnabled":true},"in2DMode":false,"pivot":{"x":1.1920928955078126e-7,"y":0.8434412479400635,"z":-0.040075600147247317},"rotation":{"x":-0.13299031555652619,"y":-0.6321228742599487,"z":0.11131670325994492,"w":-0.7552179098129273},"size":1.4182931184768677,"orthographic":false}