{"cameraMode":{"drawMode":0,"name":"Shaded","section":"Shading Mode"},"sceneLighting":false,"audioPlay":false,"sceneViewState":{"m_AlwaysRefresh":false,"showFog":true,"showSkybox":false,"showFlares":true,"showImageEffects":true,"showParticleSystems":true,"showVisualEffectGraphs":true,"m_FxEnabled":true},"in2DMode":false,"pivot":{"x":0.048879146575927737,"y":0.5596283078193665,"z":0.10944980382919312},"rotation":{"x":0.09084638953208924,"y":-0.9068092703819275,"z":0.25520917773246767,"w":0.32407131791114809},"size":2.164147138595581,"orthographic":false}