{"cameraMode":{"drawMode":2,"name":"Shaded Wireframe","section":"Shading Mode"},"sceneLighting":false,"audioPlay":false,"sceneViewState":{"m_AlwaysRefresh":false,"showFog":true,"showSkybox":false,"showFlares":true,"showImageEffects":true,"showParticleSystems":true,"showVisualEffectGraphs":true,"m_FxEnabled":true},"in2DMode":false,"pivot":{"x":-0.000008593174243287649,"y":0.0000017212155398738105,"z":0.0000035340635804459454},"rotation":{"x":0.028299512341618539,"y":-0.9547289609909058,"z":0.09657973051071167,"w":0.2800171673297882},"size":0.000017320508050033823,"orthographic":false}