{"cameraMode":{"drawMode":0,"name":"Shaded","section":"Shading Mode"},"sceneLighting":false,"audioPlay":false,"sceneViewState":{"m_AlwaysRefresh":false,"showFog":true,"showSkybox":false,"showFlares":true,"showImageEffects":true,"showParticleSystems":true,"showVisualEffectGraphs":true,"m_FxEnabled":true},"in2DMode":false,"pivot":{"x":-0.27620184421539309,"y":1.5009304285049439,"z":0.4489271640777588},"rotation":{"x":-0.07958505302667618,"y":-0.8206092119216919,"z":0.11799431592226029,"w":-0.5534862279891968},"size":0.26411324739456179,"orthographic":false}