{"cameraMode":{"drawMode":0,"name":"Shaded","section":"Shading Mode"},"sceneLighting":true,"audioPlay":false,"sceneViewState":{"m_AlwaysRefresh":false,"showFog":true,"showSkybox":true,"showFlares":true,"showImageEffects":true,"showParticleSystems":true,"showVisualEffectGraphs":true,"m_FxEnabled":true},"in2DMode":false,"pivot":{"x":13.088306427001954,"y":10.576780319213868,"z":14.048155784606934},"rotation":{"x":-0.0008784359088167548,"y":0.996890127658844,"z":-0.010773700661957264,"w":-0.07848647236824036},"size":2.1743762493133547,"orthographic":false}