{"cameraMode":{"drawMode":0,"name":"Shaded","section":"Shading Mode"},"sceneLighting":true,"audioPlay":false,"sceneViewState":{"m_AlwaysRefresh":false,"showFog":true,"showSkybox":true,"showFlares":true,"showImageEffects":true,"showParticleSystems":true,"showVisualEffectGraphs":true,"m_FxEnabled":true},"in2DMode":false,"pivot":{"x":0.8599863052368164,"y":1.3111873865127564,"z":-1.1752903461456299},"rotation":{"x":-0.02765442430973053,"y":-0.8421250581741333,"z":0.0431939959526062,"w":-0.5368999242782593},"size":0.8553101420402527,"orthographic":false}