{"cameraMode":{"drawMode":0,"name":"Shaded","section":"Shading Mode"},"sceneLighting":true,"audioPlay":false,"sceneViewState":{"m_AlwaysRefresh":false,"showFog":true,"showSkybox":true,"showFlares":true,"showImageEffects":true,"showParticleSystems":true,"showVisualEffectGraphs":true,"m_FxEnabled":true},"in2DMode":false,"pivot":{"x":12.976860046386719,"y":11.20544719696045,"z":16.13834571838379},"rotation":{"x":-0.04516471177339554,"y":0.5563483238220215,"z":0.03009950928390026,"w":0.8297075629234314},"size":3.3594882488250734,"orthographic":false}