{"cameraMode":{"drawMode":0,"name":"Shaded","section":"Shading Mode"},"sceneLighting":true,"audioPlay":false,"sceneViewState":{"m_AlwaysRefresh":false,"showFog":true,"showSkybox":true,"showFlares":true,"showImageEffects":true,"showParticleSystems":true,"showVisualEffectGraphs":true,"m_FxEnabled":true},"in2DMode":false,"pivot":{"x":2.8013200759887697,"y":5.297531604766846,"z":12.730709075927735},"rotation":{"x":0.13332922756671906,"y":-0.7469304800033569,"z":0.15756520628929139,"w":0.6320648193359375},"size":7.005528926849365,"orthographic":false}