{"cameraMode":{"drawMode":0,"name":"Shaded","section":"Shading Mode"},"sceneLighting":true,"audioPlay":false,"sceneViewState":{"m_AlwaysRefresh":false,"showFog":true,"showSkybox":true,"showFlares":true,"showImageEffects":true,"showParticleSystems":true,"showVisualEffectGraphs":true,"m_FxEnabled":true},"in2DMode":false,"pivot":{"x":-0.039449743926525119,"y":-0.27395695447921755,"z":3.1856613159179689},"rotation":{"x":-0.13024386763572694,"y":0.05410579591989517,"z":-0.007117291912436485,"w":-0.9899877905845642},"size":6.725252151489258,"orthographic":false}