{"cameraMode":{"drawMode":0,"name":"Shaded","section":"Shading Mode"},"sceneLighting":true,"audioPlay":false,"sceneViewState":{"m_AlwaysRefresh":false,"showFog":true,"showSkybox":true,"showFlares":true,"showImageEffects":true,"showParticleSystems":true,"showVisualEffectGraphs":true,"m_FxEnabled":true},"in2DMode":false,"pivot":{"x":-1.2271051406860352,"y":2.5463428497314455,"z":2.2827348709106447},"rotation":{"x":0.09389618039131165,"y":-0.8873404264450073,"z":0.20859499275684358,"w":0.40116822719573977},"size":11.747095108032227,"orthographic":false}