{"cameraMode":{"drawMode":0,"name":"Shaded","section":"Shading Mode"},"sceneLighting":true,"audioPlay":false,"sceneViewState":{"m_AlwaysRefresh":false,"showFog":true,"showSkybox":true,"showFlares":true,"showImageEffects":true,"showParticleSystems":true,"showVisualEffectGraphs":true,"m_FxEnabled":true},"in2DMode":false,"pivot":{"x":-12.555875778198243,"y":-2.8389952182769777,"z":46.190826416015628},"rotation":{"x":-0.21834465861320496,"y":0.5324702262878418,"z":-0.14448414742946626,"w":-0.8049730062484741},"size":20.558076858520509,"orthographic":false}