{"cameraMode":{"drawMode":0,"name":"Shaded","section":"Shading Mode"},"sceneLighting":true,"audioPlay":false,"sceneViewState":{"m_AlwaysRefresh":false,"showFog":true,"showSkybox":true,"showFlares":true,"showImageEffects":true,"showParticleSystems":true,"showVisualEffectGraphs":true,"m_FxEnabled":true},"in2DMode":false,"pivot":{"x":3.0243444442749025,"y":12.068456649780274,"z":15.237707138061524},"rotation":{"x":-0.01150724571198225,"y":-0.7479472160339356,"z":-0.01223030872642994,"w":0.6642316579818726},"size":11.732460975646973,"orthographic":false}