{"cameraMode":{"drawMode":0,"name":"Shaded","section":"Shading Mode"},"sceneLighting":true,"audioPlay":false,"sceneViewState":{"m_AlwaysRefresh":false,"showFog":true,"showSkybox":true,"showFlares":true,"showImageEffects":true,"showParticleSystems":true,"showVisualEffectGraphs":true,"m_FxEnabled":true},"in2DMode":false,"pivot":{"x":49.41236114501953,"y":11.750845909118653,"z":26.769071578979493},"rotation":{"x":-0.016245810315012933,"y":-0.7596216201782227,"z":-0.020034151151776315,"w":0.650412917137146},"size":4.556828022003174,"orthographic":false}