{"cameraMode":{"drawMode":0,"name":"Shaded","section":"Shading Mode"},"sceneLighting":true,"audioPlay":false,"sceneViewState":{"m_AlwaysRefresh":false,"showFog":true,"showSkybox":true,"showFlares":true,"showImageEffects":true,"showParticleSystems":true,"showVisualEffectGraphs":true,"m_FxEnabled":true},"in2DMode":false,"pivot":{"x":5.63142728805542,"y":10.266873359680176,"z":7.780117988586426},"rotation":{"x":-0.028760630637407304,"y":0.9261481761932373,"z":-0.07214973866939545,"w":-0.36999276280403139},"size":5.2347917556762699,"orthographic":false}