{"cameraMode":{"drawMode":0,"name":"Shaded","section":"Shading Mode"},"sceneLighting":true,"audioPlay":false,"sceneViewState":{"m_AlwaysRefresh":false,"showFog":true,"showSkybox":true,"showFlares":true,"showImageEffects":true,"showParticleSystems":true,"showVisualEffectGraphs":true,"m_FxEnabled":true},"in2DMode":false,"pivot":{"x":1.6411502361297608,"y":0.33992886543273928,"z":-6.56254768371582},"rotation":{"x":-0.11624907702207566,"y":-0.11534138768911362,"z":0.013593113981187344,"w":-0.9864081740379334},"size":1.534531831741333,"orthographic":false}