{"cameraMode":{"drawMode":0,"name":"Shaded","section":"Shading Mode"},"sceneLighting":true,"audioPlay":false,"sceneViewState":{"m_AlwaysRefresh":false,"showFog":true,"showSkybox":true,"showFlares":true,"showImageEffects":true,"showParticleSystems":true,"showVisualEffectGraphs":true,"m_FxEnabled":true},"in2DMode":false,"pivot":{"x":-0.06445620954036713,"y":1.9008207321166993,"z":-4.5033745765686039},"rotation":{"x":0.1128314957022667,"y":-0.21435339748859406,"z":0.024924781173467637,"w":0.9699040651321411},"size":1.0909333229064942,"orthographic":false}