{"cameraMode":{"drawMode":0,"name":"Shaded","section":"Shading Mode"},"sceneLighting":true,"audioPlay":false,"sceneViewState":{"m_AlwaysRefresh":false,"showFog":true,"showSkybox":true,"showFlares":true,"showImageEffects":true,"showParticleSystems":true,"showVisualEffectGraphs":true,"m_FxEnabled":true},"in2DMode":false,"pivot":{"x":65.13375091552735,"y":-13.147455215454102,"z":-30.329988479614259},"rotation":{"x":0.06877118349075318,"y":0.8973351716995239,"z":-0.15114694833755494,"w":0.40918490290641787},"size":40.893341064453128,"orthographic":false}