{"cameraMode":{"drawMode":0,"name":"Shaded","section":"Shading Mode"},"sceneLighting":true,"audioPlay":false,"sceneViewState":{"m_AlwaysRefresh":false,"showFog":true,"showSkybox":true,"showFlares":true,"showImageEffects":true,"showParticleSystems":true,"showVisualEffectGraphs":true,"m_FxEnabled":true},"in2DMode":false,"pivot":{"x":11.906843185424805,"y":-3.8498001098632814,"z":6.897210121154785},"rotation":{"x":0.1350683718919754,"y":0.36494460701942446,"z":-0.057668302208185199,"w":0.9196678400039673},"size":9.747779846191407,"orthographic":false}