{"cameraMode":{"drawMode":0,"name":"Shaded","section":"Shading Mode"},"sceneLighting":true,"audioPlay":false,"sceneViewState":{"m_AlwaysRefresh":false,"showFog":true,"showSkybox":true,"showFlares":true,"showImageEffects":true,"showParticleSystems":true,"showVisualEffectGraphs":true,"m_FxEnabled":true},"in2DMode":false,"pivot":{"x":11.740018844604493,"y":10.211862564086914,"z":14.54357624053955},"rotation":{"x":-0.1256631761789322,"y":-0.34407877922058108,"z":0.046517837792634967,"w":-0.9293440580368042},"size":2.1743762493133547,"orthographic":false}