{"cameraMode":{"drawMode":0,"name":"Shaded","section":"Shading Mode"},"sceneLighting":true,"audioPlay":false,"sceneViewState":{"m_AlwaysRefresh":false,"showFog":true,"showSkybox":true,"showFlares":true,"showImageEffects":true,"showParticleSystems":true,"showVisualEffectGraphs":true,"m_FxEnabled":true},"in2DMode":false,"pivot":{"x":11.289578437805176,"y":10.067468643188477,"z":15.86497688293457},"rotation":{"x":-0.018179643899202348,"y":-0.7026758790016174,"z":0.0017300499603152276,"w":-0.7113233208656311},"size":0.8660253882408142,"orthographic":false}