{"cameraMode":{"drawMode":0,"name":"Shaded","section":"Shading Mode"},"sceneLighting":true,"audioPlay":false,"sceneViewState":{"m_AlwaysRefresh":false,"showFog":true,"showSkybox":true,"showFlares":true,"showImageEffects":true,"showParticleSystems":true,"showVisualEffectGraphs":true,"m_FxEnabled":true},"in2DMode":false,"pivot":{"x":31.768054962158204,"y":2.297971725463867,"z":-75.05572509765625},"rotation":{"x":-0.0015287500573322178,"y":-0.9965598583221436,"z":0.08120908588171005,"w":-0.01914503425359726},"size":38.44824981689453,"orthographic":false}