{"cameraMode":{"drawMode":0,"name":"Shaded","section":"Shading Mode"},"sceneLighting":true,"audioPlay":false,"sceneViewState":{"m_AlwaysRefresh":false,"showFog":true,"showSkybox":true,"showFlares":true,"showImageEffects":true,"showParticleSystems":true,"showVisualEffectGraphs":true,"m_FxEnabled":true},"in2DMode":false,"pivot":{"x":12.630666732788086,"y":10.594867706298829,"z":14.60215950012207},"rotation":{"x":0.07803609222173691,"y":0.7194305062294006,"z":-0.08194373548030853,"w":0.6853089332580566},"size":2.7679245471954347,"orthographic":false}