{"cameraMode":{"drawMode":0,"name":"Shaded","section":"Shading Mode"},"sceneLighting":true,"audioPlay":false,"sceneViewState":{"m_AlwaysRefresh":false,"showFog":true,"showSkybox":true,"showFlares":true,"showImageEffects":true,"showParticleSystems":true,"showVisualEffectGraphs":true,"m_FxEnabled":true},"in2DMode":false,"pivot":{"x":4.687572479248047,"y":16.577682495117189,"z":43.59621810913086},"rotation":{"x":0.01488286443054676,"y":-0.9811398386955261,"z":0.17337597906589509,"w":0.08438526093959809},"size":2.4743762016296388,"orthographic":false}