{"cameraMode":{"drawMode":0,"name":"Shaded","section":"Shading Mode"},"sceneLighting":true,"audioPlay":false,"sceneViewState":{"m_AlwaysRefresh":false,"showFog":true,"showSkybox":true,"showFlares":true,"showImageEffects":true,"showParticleSystems":true,"showVisualEffectGraphs":true,"m_FxEnabled":true},"in2DMode":false,"pivot":{"x":16.885543823242189,"y":10.962549209594727,"z":14.070446968078614},"rotation":{"x":-0.07251695543527603,"y":0.782534122467041,"z":-0.09307021647691727,"w":-0.6118649840354919},"size":1.9175078868865967,"orthographic":false}