{"cameraMode":{"drawMode":0,"name":"Shaded","section":"Shading Mode"},"sceneLighting":true,"audioPlay":false,"sceneViewState":{"m_AlwaysRefresh":false,"showFog":true,"showSkybox":true,"showFlares":true,"showImageEffects":true,"showParticleSystems":true,"showVisualEffectGraphs":true,"m_FxEnabled":true},"in2DMode":false,"pivot":{"x":0.5082439184188843,"y":1.4638134241104127,"z":-1.2767436504364014},"rotation":{"x":-0.07647983729839325,"y":-0.8384406566619873,"z":0.12179138511419296,"w":-0.5257386565208435},"size":0.8127054572105408,"orthographic":false}