{"cameraMode":{"drawMode":0,"name":"Shaded","section":"Shading Mode"},"sceneLighting":true,"audioPlay":false,"sceneViewState":{"m_AlwaysRefresh":false,"showFog":true,"showSkybox":true,"showFlares":true,"showImageEffects":true,"showParticleSystems":true,"showVisualEffectGraphs":true,"m_FxEnabled":true},"in2DMode":false,"pivot":{"x":11.740018844604493,"y":14.319999694824219,"z":0.020302772521972657},"rotation":{"x":0.049998942762613299,"y":0.7057594656944275,"z":-0.0500572994351387,"w":0.7049172520637512},"size":10.449999809265137,"orthographic":false}