{"cameraMode":{"drawMode":0,"name":"Shaded","section":"Shading Mode"},"sceneLighting":true,"audioPlay":false,"sceneViewState":{"m_AlwaysRefresh":false,"showFog":true,"showSkybox":true,"showFlares":true,"showImageEffects":true,"showParticleSystems":true,"showVisualEffectGraphs":true,"m_FxEnabled":true},"in2DMode":false,"pivot":{"x":36.499202728271487,"y":11.277022361755371,"z":15.353832244873047},"rotation":{"x":0.09458931535482407,"y":0.49815425276756289,"z":-0.0542430616915226,"w":0.8605629205703735},"size":5.126835346221924,"orthographic":false}