{"cameraMode":{"drawMode":0,"name":"Shaded","section":"Shading Mode"},"sceneLighting":false,"audioPlay":false,"sceneViewState":{"m_AlwaysRefresh":false,"showFog":true,"showSkybox":false,"showFlares":true,"showImageEffects":true,"showParticleSystems":true,"showVisualEffectGraphs":true,"m_FxEnabled":true},"in2DMode":false,"pivot":{"x":0.000002384185791015625,"y":0.8659567832946777,"z":-0.05701451748609543},"rotation":{"x":-0.13299031555652619,"y":-0.6321228742599487,"z":0.11131670325994492,"w":-0.7552179098129273},"size":1.420076847076416,"orthographic":false}